time,point x ,point y ,point z ,pupil diameter,flag    
0.0,0.01,1.45,3.4,3.81,-       
0.05,0.01,1.45,3.4,3.81,-       
0.1,0.01,1.45,3.4,3.81,-       
0.15,0.01,1.45,3.4,3.81,-       
0.2,0.01,1.45,3.4,3.81,-       
0.25,0.01,1.45,3.4,3.81,-       
0.3,0.01,1.45,3.4,3.81,-       
0.35,0.01,1.45,3.4,3.81,-       
0.4,0.01,1.45,3.4,3.81,-       
0.45,0.01,1.45,3.4,3.81,-       
0.5,0.01,1.45,3.4,3.81,-       
0.55,0.16,1.56,3.4,3.95,gaze fixated: p_3_2
0.6,0.16,1.56,3.4,3.95,gaze fixated: p_3_2
0.65,0.16,1.56,3.4,3.95,gaze fixated: p_3_2
0.7,0.16,1.56,3.4,3.95,gaze fixated: p_3_2
0.75,0.15,1.53,3.4,3.96,gaze started: p_3_3
0.8,0.15,1.53,3.4,3.97,-       
0.85,0.16,1.53,3.4,3.97,gaze fixated: p_3_3
0.9,0.15,1.54,3.4,3.98,-       
0.95,0.16,1.54,3.4,3.98,-       
1.0,0.17,1.54,3.4,3.98,-       
1.05,0.17,1.54,3.4,3.98,-       
1.1,0.17,1.54,3.4,3.98,-       
1.15,0.17,1.55,3.4,3.98,-       
1.2,0.17,1.55,3.4,3.98,-       
1.25,0.16,1.55,3.4,3.99,-       
1.3,0.16,1.55,3.4,3.99,-       
1.35,0.17,1.55,3.4,4.01,-       
1.4,0.17,1.56,3.4,4.01,-       
1.45,0.16,1.58,3.4,4.01,-       
1.5,0.16,1.58,3.4,4.01,-       
1.55,0.17,1.59,3.4,4.02,-       
1.6,0.19,1.59,3.4,4.05,-       
1.65,0.52,1.66,3.4,4.03,-       
1.7,0.43,1.66,3.4,4.08,-       
1.75,0.51,1.66,3.4,4.07,-       
1.8,0.49,1.64,3.4,4.07,-       
1.85,0.48,1.61,3.4,4.06,-       
1.9,0.49,1.63,3.4,4.07,-       
1.95,0.49,1.63,3.4,4.05,-       
2.0,0.49,1.62,3.4,4.01,-       
2.05,0.49,1.63,3.4,3.81,-       
2.1,0.49,1.63,3.4,3.6,-       
2.15,0.49,1.64,3.4,3.39,-       
2.2,0.52,1.67,3.4,3.21,-       
2.25,0.48,1.67,3.4,3.04,-       
2.3,0.48,1.67,3.4,3.04,-       
2.35,0.55,1.69,3.4,2.98,-       
2.4,-0.12,1.71,3.4,2.85,-       
2.45,-0.05,1.85,3.4,2.93,gaze started: p_3_2
2.5,-0.08,1.81,3.4,2.91,gaze started: p_2_2
2.55,-0.08,1.82,3.46,2.92,-       
2.6,-0.09,1.82,3.46,2.92,-       
2.65,-0.1,1.81,3.46,2.92,-       
2.7,-0.1,1.81,3.4,2.91,-       
2.75,-0.09,1.81,3.4,2.92,gaze started: p_2_2
2.8,-0.07,1.82,3.4,2.91,-       
2.85,-0.09,1.79,3.4,2.9,-       
2.9,-0.12,1.78,3.4,2.92,gaze started: p_3_2
2.95,-0.07,1.81,3.46,2.93,-       
3.0,0.25,1.57,3.4,2.94,-       
3.05,0.25,1.5,3.4,2.97,gaze started: p_3_3
3.1,0.22,1.51,3.4,3.01,-       
3.15,0.22,1.51,3.4,3.01,-       
3.2,0.23,1.51,3.4,3.08,-       
3.25,0.23,1.51,3.4,3.12,-       
3.3,0.23,1.5,3.4,3.18,-       
3.35,0.23,1.5,3.4,3.26,gaze fixated: p_3_3
3.4,-0.12,1.95,3.4,3.43,-       
3.45,-0.12,1.95,3.4,3.43,-       
3.5,-0.06,1.92,3.4,3.4,gaze started: p_2_2
3.55,-0.11,1.88,3.4,3.42,-       
3.6,-0.08,1.9,3.4,3.45,-       
3.65,-0.08,1.9,3.4,3.48,-       
3.7,-0.1,1.89,3.4,3.5,-       
3.75,-0.1,1.88,3.4,3.53,gaze fixated: p_2_2
3.8,-0.09,1.88,3.4,3.55,-       
3.85,0.14,1.77,3.46,3.57,-       
3.9,0.26,1.74,3.4,3.6,gaze ended: p_2_2
3.95,0.23,1.71,3.4,3.62,gaze started: p_3_3
4.0,0.26,1.75,3.4,3.63,-       
4.05,0.25,1.72,3.4,3.62,-       
4.1,0.25,1.72,3.4,3.64,-       
4.15,0.28,1.76,3.4,3.66,-       
4.2,0.14,1.63,3.4,3.66,gaze fixated: p_3_3
4.25,0.14,1.63,3.4,3.66,gaze fixated: p_3_3
4.3,0.13,1.6,3.46,3.71,-       
4.35,0.13,1.59,3.4,3.72,gaze ended: p_3_3
4.4,0.13,1.59,3.4,3.72,gaze started: p_3_2
4.45,0.13,1.59,3.4,3.75,-       
4.5,0.13,1.58,3.4,3.74,-       
4.55,0.13,1.59,3.4,3.72,-       
4.6,0.14,1.59,3.46,3.68,-       
4.65,0.14,1.58,3.46,3.69,-       
4.7,0.15,1.57,3.4,3.67,-       
4.75,0.16,1.58,3.4,3.66,gaze started: p_3_3
4.8,0.22,1.6,3.4,3.73,-       
4.85,0.27,1.62,3.4,3.71,-       
4.9,0.26,1.62,3.4,3.7,-       
4.95,0.26,1.63,3.4,3.68,-       
5.0,0.16,1.75,3.4,3.57,gaze fixated: p_3_3
5.05,0.18,1.75,3.4,3.5,-       
5.1,0.17,1.74,3.4,3.47,-       
5.15,0.17,1.74,3.4,3.42,-       
5.2,0.17,1.73,3.4,3.33,-       
5.25,0.18,1.74,3.4,3.25,-       
5.3,0.18,1.74,3.4,3.25,-       
5.35,0.19,1.75,3.4,3.19,-       
5.4,0.18,1.75,3.4,3.18,-       
5.45,0.18,1.75,3.4,3.18,-       
5.5,0.19,1.75,3.4,3.17,-       
5.55,0.19,1.74,3.4,3.16,-       
5.6,0.19,1.74,3.4,3.15,-       
5.65,0.18,1.74,3.4,3.16,-       
5.7,0.18,1.74,3.4,3.15,-       
5.75,0.18,1.74,3.4,3.15,-       
5.8,0.18,1.74,3.4,3.16,-       
5.85,0.18,1.73,3.4,3.17,-       
5.9,0.2,1.73,3.4,3.2,-       
5.95,0.19,1.72,3.4,3.2,-       
6.0,0.18,1.72,3.4,3.22,-       
6.05,0.19,1.72,3.4,3.2,-       
6.1,0.18,1.73,3.4,3.19,-       
6.15,0.19,1.73,3.4,3.16,-       
6.2,0.19,1.73,3.4,3.16,-       
6.25,0.18,1.72,3.4,3.09,-       
6.3,0.17,1.73,3.4,3.06,-       
6.35,0.19,1.74,3.4,3.06,-       
6.4,0.2,1.74,3.4,3.05,-       
6.45,0.19,1.73,3.4,3.04,-       
6.5,0.19,1.74,3.4,3.04,-       
6.55,0.2,1.74,3.4,3.04,-       
6.6,0.25,1.76,3.4,2.99,-       
6.65,0.05,1.76,3.4,3.14,-       
6.7,0.05,1.76,3.4,3.14,-       
6.75,0.56,0.77,-0.3,,gaze started: p_3_2
6.8,0.56,0.77,-0.3,,-       
6.85,0.08,1.74,3.4,2.87,-       
6.9,0.1,1.73,3.4,2.9,gaze started: p_3_2
6.95,0.12,1.76,3.4,2.9,-       
7.0,0.1,1.74,3.4,2.9,-       
7.05,0.14,1.78,3.46,2.92,-       
7.1,0.17,1.75,3.4,2.92,-       
7.15,0.16,1.77,3.4,2.94,gaze started: p_3_3
7.2,0.17,1.78,3.4,2.95,-       
7.25,0.14,1.77,3.46,2.92,-       
7.3,0.17,1.77,3.4,2.91,-       
7.35,0.17,1.77,3.4,2.91,-       
7.4,0.14,1.77,3.46,2.83,-       
7.45,0.14,1.77,3.46,2.83,-       
7.5,0.15,1.77,3.4,2.8,-       
7.55,0.17,1.79,3.4,2.77,gaze started: p_3_3
7.6,0.18,1.79,3.4,2.74,-       
7.65,0.16,1.79,3.4,2.72,-       
7.7,0.15,1.79,3.4,2.71,-       
7.75,0.15,1.78,3.4,2.71,-       
7.8,0.18,1.78,3.4,2.71,gaze fixated: p_3_3
7.85,0.18,1.82,3.46,2.75,-       
7.9,0.17,1.77,3.4,2.79,gaze ended: p_3_3
7.95,0.17,1.77,3.4,2.82,gaze started: p_3_3
8.0,0.2,1.82,3.46,2.91,-       
8.05,0.26,1.82,3.4,2.91,-       
8.1,0.22,1.82,3.4,2.91,gaze started: p_2_3
8.15,0.22,1.82,3.4,2.88,-       
8.2,0.23,1.83,3.4,2.85,-       
8.25,0.23,1.83,3.4,2.85,-       
8.3,0.23,1.83,3.4,2.85,-       
8.35,0.23,1.82,3.4,2.83,-       
8.4,0.23,1.82,3.4,2.82,gaze fixated: p_2_3
8.45,0.23,1.82,3.4,2.82,-       
8.5,0.22,1.81,3.46,2.81,-       
8.55,0.15,1.78,3.4,2.81,gaze ended: p_2_3
8.6,0.23,1.82,3.4,2.78,gaze started: p_3_3
8.65,0.23,1.84,3.4,2.75,gaze started: p_2_3
8.7,0.24,1.84,3.4,2.74,-       
8.75,0.15,1.79,3.4,2.71,-       
8.8,0.1,1.81,3.4,2.66,gaze started: p_3_3
8.85,0.1,1.81,3.4,2.66,gaze started: p_3_3
8.9,0.19,1.85,3.4,2.63,gaze started: p_2_3
8.95,0.19,1.85,3.4,2.63,gaze started: p_2_3
9.0,0.19,1.83,3.4,2.59,-       
9.05,0.19,1.83,3.4,2.59,-       
9.1,0.19,1.84,3.4,2.56,-       
9.15,0.19,1.84,3.4,2.56,-       
9.2,0.2,1.84,3.4,2.56,gaze fixated: p_2_3
9.25,0.18,1.84,3.4,2.55,-       
9.3,0.16,1.82,3.4,2.55,-       
9.35,0.16,1.82,3.4,2.57,-       
9.4,0.19,1.83,3.4,2.59,-       
9.45,0.19,1.83,3.4,2.62,-       
9.5,0.18,1.83,3.4,2.65,-       
9.55,0.18,1.84,3.4,2.67,-       
9.6,0.17,1.83,3.4,2.69,-       
9.65,0.18,1.84,3.4,2.71,-       
9.7,0.17,1.84,3.4,2.73,-       
9.75,0.19,1.85,3.4,2.75,-       
9.8,0.2,1.86,3.4,2.75,-       
9.85,0.2,1.86,3.4,2.75,-       
9.9,0.2,1.86,3.4,2.75,-       
9.95,0.16,1.85,3.4,2.76,-       
10.0,-0.35,2.1,3.4,2.8,-       
10.05,-0.42,2.06,3.4,2.83,gaze started: p_2_2
10.1,-0.41,2.07,3.4,2.84,-       
10.15,-0.58,2.16,3.4,2.95,-       
10.2,-0.6,2.19,3.4,2.97,-       
10.25,-0.6,2.18,3.4,3.02,-       
10.3,-0.6,2.18,3.4,3.05,gaze fixated: p_2_2
10.35,-0.6,2.18,3.4,3.05,gaze fixated: p_2_2
10.4,-0.59,2.17,3.4,3.1,-       
10.45,-0.16,2.06,3.4,3.15,-       
10.5,-0.18,2.08,3.4,3.19,-       
10.55,-0.19,2.08,3.4,3.2,-       
10.6,-0.19,2.07,3.4,3.23,-       
10.65,-0.19,2.07,3.4,3.25,-       
10.7,-0.2,2.08,3.4,3.29,-       
10.75,-0.2,2.08,3.4,3.32,-       
10.8,-0.2,2.08,3.4,3.35,-       
10.85,-0.21,2.08,3.4,3.36,-       
10.9,-0.21,2.07,3.4,3.38,-       
10.95,-0.21,2.07,3.4,3.39,-       
11.0,-0.22,2.07,3.4,3.4,-       
11.05,-0.21,2.07,3.4,3.42,-       
11.1,-0.11,2.04,3.4,3.42,-       
11.15,0.05,2.0,3.4,3.39,-       
11.2,0.03,1.98,3.4,3.42,-       
11.25,0.04,1.98,3.4,3.42,-       
11.3,0.04,1.98,3.4,3.42,-       
11.35,0.04,1.97,3.4,3.42,-       
11.4,0.04,1.99,3.4,3.46,-       
11.45,0.03,1.97,3.4,3.5,-       
11.5,0.03,1.97,3.4,3.53,-       
11.55,-0.08,2.11,3.4,3.64,-       
11.6,-0.12,2.12,3.4,3.66,-       
11.65,-0.15,2.08,3.4,3.67,-       
11.7,-0.15,2.09,3.4,3.66,-       
11.75,-0.15,2.09,3.4,3.68,-       
11.8,-0.16,2.1,3.4,3.67,-       
11.85,-0.15,2.09,3.4,3.63,-       
11.9,-0.14,2.11,3.4,3.6,-       
11.95,-0.14,2.11,3.4,3.6,-       
12.0,-0.13,2.1,3.4,3.54,-       
12.05,-0.12,2.11,3.4,3.51,-       
12.1,-0.13,2.11,3.4,3.47,-       
12.15,-0.13,2.12,3.4,3.46,-       
12.2,-0.13,2.12,3.4,3.45,-       
12.25,-0.13,2.12,3.4,3.48,-       
12.3,-0.13,2.12,3.4,3.48,-       
12.35,-0.13,2.11,3.4,3.48,-       
12.4,-0.13,2.11,3.4,3.49,-       
12.45,-0.13,2.11,3.4,3.51,-       
12.5,-0.12,2.12,3.4,3.51,-       
12.55,-0.12,2.11,3.4,3.53,-       
12.6,-0.13,2.11,3.4,3.54,-       
12.65,-0.13,2.1,3.4,3.57,-       
12.7,-0.12,2.1,3.4,3.59,-       
12.75,-0.12,2.1,3.4,3.62,-       
12.8,-0.13,2.1,3.4,3.61,-       
12.85,-0.13,2.11,3.4,3.61,-       
12.9,-0.12,2.12,3.4,3.6,-       
12.95,-0.13,2.1,3.4,3.59,-       
13.0,-0.13,2.1,3.4,3.59,-       
13.05,-0.13,2.11,3.4,3.61,-       
13.1,-0.13,2.1,3.4,3.62,-       
13.15,-0.13,2.1,3.4,3.62,-       
13.2,-0.13,2.12,3.4,3.65,-       
13.25,0.1,2.08,3.4,3.64,-       
13.3,0.09,2.1,3.4,3.63,-       
13.35,0.05,2.08,3.4,3.63,-       
13.4,0.05,2.08,3.4,3.62,-       
13.45,0.05,2.07,3.4,3.6,-       
13.5,0.05,2.09,3.4,3.6,-       
13.55,0.05,2.09,3.4,3.59,-       
13.6,0.06,2.09,3.4,3.59,-       
13.65,-0.02,2.12,3.4,3.61,-       
13.7,-0.07,2.2,3.4,3.67,-       
13.75,-0.11,2.15,3.4,3.69,-       
13.8,-0.12,2.15,3.4,3.69,-       
13.85,-0.12,2.14,3.4,3.68,-       
13.9,-0.17,2.16,3.4,3.73,-       
13.95,-0.35,2.26,3.4,3.72,-       
14.0,-0.34,2.26,3.4,3.72,-       
14.05,-0.34,2.25,3.4,3.72,-       
14.1,-0.34,2.25,3.4,3.72,-       
14.15,-0.35,2.24,3.4,3.74,-       
14.2,-0.35,2.24,3.4,3.74,-       
14.25,-0.35,2.24,3.4,3.77,-       
14.3,-0.27,2.28,3.4,3.79,-       
14.35,-0.28,2.29,3.46,3.79,gaze started: p_1_2
14.4,-0.27,2.28,3.4,3.81,-       
14.45,-0.28,2.32,3.4,3.83,gaze started: p_1_2
14.5,0.56,0.77,-0.3,,-       
14.55,0.56,0.77,-0.3,,-       
14.6,-0.29,2.32,3.4,3.91,-       
14.65,-0.29,2.32,3.4,3.91,-       
14.7,-0.32,2.3,3.4,3.84,-       
14.75,-0.32,2.3,3.4,3.84,-       
14.8,-0.33,2.31,3.4,3.85,-       
14.85,-0.33,2.31,3.4,3.85,-       
14.9,-0.33,2.31,3.4,3.87,gaze fixated: p_1_2
14.95,-0.33,2.31,3.4,3.87,gaze fixated: p_1_2
15.0,-0.31,2.29,3.4,3.9,-       
15.05,-0.31,2.29,3.4,3.9,-       
15.1,-0.3,2.28,3.4,3.91,-       
15.15,-0.31,2.28,3.4,3.91,-       
15.2,-0.32,2.29,3.4,3.92,-       
15.25,-0.25,2.28,3.4,3.93,-       
15.3,-0.25,2.28,3.4,3.93,-       
15.35,-0.26,2.29,3.4,3.94,-       
15.4,-0.27,2.3,3.4,3.94,-       
15.45,-0.27,2.29,3.4,3.95,-       
15.5,-0.27,2.29,3.4,3.93,-       
15.55,-0.27,2.29,3.4,3.94,-       
15.6,-0.27,2.29,3.4,3.95,-       
15.65,-0.28,2.3,3.4,3.95,-       
15.7,-0.24,2.29,3.4,3.92,-       
15.75,-0.24,2.28,3.4,3.94,-       
15.8,-0.24,2.29,3.4,3.94,-       
15.85,-0.25,2.3,3.4,3.95,-       
15.9,-0.25,2.31,3.4,3.96,-       
15.95,-0.24,2.3,3.4,3.97,-       
16.0,-0.25,2.29,3.4,3.97,-       
16.05,-0.26,2.29,3.4,3.96,-       
16.1,-0.27,2.29,3.4,3.95,-       
16.15,-0.26,2.29,3.4,3.95,-       
16.2,-0.26,2.29,3.4,3.95,-       
16.25,-0.26,2.29,3.4,3.95,-       
16.3,-0.25,2.3,3.4,3.98,-       
16.35,-0.26,2.3,3.4,3.96,-       
16.4,-0.25,2.29,3.4,3.96,-       
16.45,-0.25,2.28,3.4,3.94,-       
16.5,-0.24,2.28,3.4,3.96,-       
16.55,-0.24,2.28,3.4,3.95,-       
16.6,-0.24,2.26,3.4,3.97,-       
16.65,-0.24,2.28,3.4,3.97,gaze started: p_2_2
16.7,-0.33,2.28,3.4,3.96,gaze started: p_1_2
16.75,-0.43,2.23,3.4,3.98,-       
16.8,-0.43,2.24,3.4,3.95,gaze started: p_2_2
16.85,-0.43,2.25,3.4,3.95,-       
16.9,-0.42,2.23,3.4,3.94,-       
16.95,-0.42,2.23,3.4,3.92,-       
17.0,-0.42,2.24,3.4,3.92,-       
17.05,-0.42,2.23,3.4,3.92,gaze fixated: p_2_2
17.1,-0.53,2.19,3.4,3.98,-       
17.15,-0.51,2.2,3.4,3.94,-       
17.2,-0.51,2.2,3.4,3.94,-       
17.25,-0.52,2.19,3.4,3.95,-       
17.3,-0.54,2.19,3.4,3.96,-       
17.35,-0.54,2.19,3.4,3.93,-       
17.4,-0.54,2.19,3.4,3.94,-       
17.45,-0.5,2.23,3.4,3.97,-       
17.5,-0.5,2.23,3.4,3.97,-       
17.55,-0.5,2.22,3.4,3.99,-       
17.6,-0.52,2.22,3.4,3.99,-       
17.65,-0.51,2.22,3.4,3.98,-       
17.7,-0.51,2.23,3.4,3.98,-       
17.75,-0.5,2.23,3.4,3.98,-       
17.8,-0.67,2.3,3.4,4.08,-       
17.85,-0.65,2.31,3.4,4.08,gaze started: p_1_2
17.9,-0.64,2.28,3.4,4.08,-       
17.95,-0.64,2.28,3.4,4.08,-       
18.0,-0.72,2.35,3.4,4.12,-       
18.05,-0.69,2.36,3.4,4.12,gaze started: p_1_1
18.1,-0.68,2.35,3.4,4.11,gaze started: p_1_2
18.15,-0.68,2.35,3.4,4.11,gaze started: p_1_2
18.2,-0.68,2.35,3.4,4.12,-       
18.25,-0.69,2.37,3.4,4.14,-       
18.3,-0.68,2.36,3.4,4.15,-       
18.35,-0.68,2.35,3.4,4.15,-       
18.4,-0.67,2.34,3.4,4.15,gaze fixated: p_1_2
18.45,-0.67,2.34,3.4,4.16,-       
18.5,-0.67,2.34,3.4,4.16,-       
18.55,-0.66,2.34,3.4,4.16,-       
18.6,-0.66,2.33,3.4,4.15,-       
18.65,-0.46,2.23,3.4,4.12,-       
18.7,-0.43,2.25,3.4,4.09,gaze started: p_2_2
18.75,-0.42,2.24,3.4,4.09,-       
18.8,-0.41,2.24,3.4,4.1,-       
18.85,-0.41,2.24,3.4,4.09,-       
18.9,-0.42,2.25,3.4,4.1,-       
18.95,-0.41,2.26,3.4,4.1,gaze fixated: p_2_2
19.0,-0.41,2.26,3.4,4.11,-       
19.05,-0.42,2.26,3.4,4.12,-       
19.1,-0.43,2.28,3.46,4.12,-       
19.15,-0.42,2.26,3.4,4.12,gaze ended: p_2_2
19.2,-0.41,2.26,3.4,4.12,gaze started: p_2_2
19.25,-0.41,2.26,3.4,4.12,gaze started: p_2_2
19.3,-0.41,2.25,3.4,4.13,-       
19.35,-0.4,2.25,3.4,4.14,-       
19.4,-0.4,2.25,3.4,4.13,-       
19.45,-0.42,2.29,3.46,4.1,-       
19.5,-0.41,2.26,3.4,4.02,-       
19.55,-0.54,2.17,3.4,3.88,gaze started: p_2_2
19.6,-0.56,2.2,3.4,3.9,-       
19.65,-0.56,2.19,3.4,3.9,-       
19.7,-0.55,2.2,3.4,3.9,-       
19.75,-0.55,2.2,3.4,3.9,-       
19.8,-0.55,2.2,3.4,3.9,gaze fixated: p_2_2
19.85,-0.55,2.21,3.4,3.91,-       
19.9,-0.55,2.19,3.4,3.93,-       
19.95,-0.55,2.2,3.4,4.02,-       
20.0,0.56,0.77,-0.3,,-       
20.05,0.56,0.77,-0.31,,gaze ended: p_2_2
20.1,0.56,0.77,-0.31,,gaze ended: p_2_2
20.15,0.56,0.77,-0.31,,-       
20.2,-0.14,1.81,3.4,3.94,-       
20.25,-0.31,2.01,3.4,3.97,gaze started: p_2_2
20.3,-0.44,2.16,3.4,4.28,-       
20.35,-0.44,2.16,3.4,4.28,-       
20.4,0.56,0.77,-0.3,,-       
20.45,0.56,0.77,-0.3,,-       
20.5,-0.38,2.33,3.4,4.14,-       
20.55,-0.46,2.3,3.4,4.08,gaze started: p_1_2
20.6,-0.42,2.3,3.4,4.05,-       
20.65,-0.41,2.3,3.4,3.96,-       
20.7,-0.46,2.29,3.46,3.98,-       
20.75,-0.42,2.28,3.4,3.97,-       
20.8,-0.41,2.28,3.4,3.98,gaze started: p_1_2
20.85,-0.42,2.29,3.46,3.99,-       
20.9,-0.54,2.44,3.4,4.08,-       
20.95,-0.54,2.43,3.4,4.08,gaze started: p_1_2
21.0,-0.54,2.42,3.4,4.1,-       
21.05,-0.55,2.42,3.4,4.11,-       
21.1,-0.55,2.43,3.4,4.12,-       
21.15,-0.46,2.14,3.4,4.08,-       
21.2,-0.49,2.17,3.4,4.08,gaze started: p_2_2
21.25,-0.49,2.17,3.4,4.08,gaze started: p_2_2
21.3,-0.48,2.15,3.4,4.07,-       
21.35,-0.47,2.16,3.4,4.06,-       
21.4,-0.47,2.16,3.4,4.08,-       
21.45,-0.49,2.19,3.4,4.09,-       
21.5,-0.48,2.2,3.4,4.1,gaze fixated: p_2_2
21.55,-0.48,2.2,3.4,4.1,-       
21.6,-0.48,2.2,3.4,4.11,-       
21.65,-0.48,2.2,3.4,4.11,-       
21.7,-0.48,2.2,3.4,4.12,-       
21.75,-0.48,2.2,3.4,4.13,-       
21.8,-0.48,2.2,3.4,4.11,-       
21.85,-0.48,2.19,3.4,4.09,-       
21.9,-0.47,2.18,3.4,4.06,-       
21.95,-0.48,2.19,3.4,4.02,-       
22.0,-0.5,2.37,3.4,4.09,-       
22.05,-0.5,2.38,3.4,4.08,gaze started: p_1_2
22.1,-0.49,2.38,3.4,4.08,-       
22.15,-0.49,2.38,3.4,4.08,-       
22.2,-0.49,2.38,3.4,4.09,-       
22.25,-0.72,1.56,3.4,3.95,-       
22.3,-1.24,0.74,3.47,4.0,gaze started: p_3_1
22.35,-1.25,0.71,3.48,4.0,-       
22.4,-1.24,0.72,3.49,4.01,-       
22.45,-1.24,0.73,3.49,4.01,-       
22.5,-1.33,0.67,3.41,4.02,-       
22.55,-1.36,0.62,3.39,4.03,-       
22.6,-1.36,0.62,3.39,4.03,-       
22.65,-1.32,0.59,3.38,4.07,-       
22.7,-1.33,0.59,3.38,4.06,-       
22.75,-1.35,0.59,3.39,4.07,-       
22.8,-1.34,0.6,3.38,4.09,-       
22.85,-1.33,0.6,3.38,4.1,-       
22.9,-1.33,0.61,3.38,4.1,-       
22.95,-1.33,0.62,3.38,4.1,-       
23.0,-1.32,0.62,3.38,4.1,-       
23.05,-1.32,0.61,3.41,4.1,-       
23.1,-0.37,0.49,2.93,4.06,-       
23.15,-0.35,0.53,2.93,4.07,-       
23.2,-0.35,0.51,2.93,4.09,-       
23.25,-0.36,0.51,2.93,4.09,-       
23.3,-0.36,0.5,2.93,4.1,-       
23.35,-0.04,0.42,2.94,4.07,-       
23.4,-0.09,0.44,2.94,4.1,-       
23.45,-0.09,0.45,2.94,4.12,-       
23.5,-0.08,0.43,2.94,4.13,-       
23.55,-0.08,0.43,2.94,4.14,-       
23.6,-0.09,0.43,2.94,4.14,-       
23.65,-0.09,0.43,2.94,4.14,-       
23.7,-0.09,0.43,2.94,4.13,-       
23.75,-0.09,0.43,2.94,4.13,-       
23.8,0.6,0.45,2.94,4.16,-       
23.85,0.6,0.45,2.94,4.16,-       
23.9,1.07,0.53,2.93,4.25,-       
23.95,1.07,0.53,2.93,4.25,-       
24.0,1.07,0.53,3.0,4.26,-       
24.05,1.07,0.53,3.0,4.26,-       
24.1,1.38,0.49,2.93,4.3,-       
24.15,1.39,0.5,2.93,4.29,-       
24.2,1.35,0.5,2.93,4.27,-       
24.25,1.34,0.51,2.93,4.27,-       
24.3,1.35,0.51,2.93,4.27,-       
24.35,1.36,0.5,2.93,4.27,-       
24.4,1.36,0.5,2.93,4.28,-       
24.45,2.19,0.89,3.57,4.51,-       
24.5,2.6,1.31,3.23,4.38,-       
24.55,2.62,1.36,3.23,4.44,-       
24.6,2.6,1.41,3.23,4.53,-       
24.65,2.6,1.39,3.24,4.47,-       
24.7,2.62,1.39,3.23,4.48,-       
24.75,2.61,1.39,3.23,4.47,-       
24.8,2.61,1.39,3.23,4.47,-       
24.85,2.6,1.39,3.25,4.46,-       
24.9,2.6,1.38,3.28,4.45,-       
24.95,2.6,1.39,3.29,4.44,-       
25.0,2.61,1.42,3.23,4.49,-       
25.05,0.56,0.77,-0.31,,-       
25.1,0.56,0.77,-0.31,,-       
25.15,0.56,0.77,-0.31,,-       
25.2,0.56,0.77,-0.31,,-       
25.25,0.56,0.77,-0.31,,-       
25.3,-0.57,2.16,3.4,4.43,-       
25.35,-0.56,2.11,3.4,4.39,gaze started: p_2_2
25.4,-0.58,2.11,3.4,4.4,-       
25.45,-0.58,2.11,3.4,4.4,-       
25.5,-0.55,2.11,3.4,4.41,-       
25.55,-0.55,2.11,3.4,4.41,-       
25.6,-0.57,2.1,3.4,4.45,-       
25.65,-0.57,2.1,3.4,4.45,-       
25.7,-0.58,2.1,3.4,4.45,-       
25.75,-0.58,2.1,3.4,4.45,-       
25.8,-0.54,2.07,3.4,4.43,-       
25.85,-0.69,2.21,3.4,4.48,-       
25.9,-0.71,2.24,3.46,4.45,-       
25.95,-0.72,2.23,3.46,4.42,gaze ended: p_2_2
26.0,-0.71,2.23,3.46,4.39,-       
26.05,-0.71,2.23,3.46,4.37,-       
26.1,-0.68,2.21,3.4,4.35,-       
26.15,-0.69,2.22,3.4,4.35,gaze started: p_2_2
26.2,-0.72,2.24,3.46,4.34,-       
26.25,-0.72,2.26,3.46,4.36,-       
26.3,-0.69,2.23,3.4,4.35,-       
26.35,-0.72,2.26,3.46,4.35,gaze started: p_2_2
26.4,-0.7,2.25,3.4,4.34,-       
26.45,-0.71,2.27,3.46,4.34,gaze started: p_2_1
26.5,-0.69,2.25,3.4,4.35,-       
26.55,-0.68,2.24,3.4,4.36,gaze started: p_2_2
26.6,-0.68,2.24,3.4,4.37,-       
26.65,-0.69,2.25,3.4,4.39,-       
26.7,-0.69,2.26,3.4,4.4,-       
26.75,-0.68,2.24,3.4,4.39,-       
26.8,-0.67,2.23,3.4,4.38,gaze fixated: p_2_2
26.85,-0.68,2.24,3.4,4.39,-       
26.9,-0.68,2.24,3.4,4.39,-       
26.95,-0.67,2.23,3.4,4.39,-       
27.0,-0.67,2.23,3.4,4.4,-       
27.05,-0.67,2.23,3.4,4.4,-       
27.1,-0.64,2.27,3.4,4.39,-       
27.15,-0.66,2.32,3.4,4.45,gaze started: p_1_2
27.2,-0.66,2.31,3.4,4.41,-       
27.25,-0.66,2.31,3.4,4.41,-       
27.3,-0.66,2.34,3.4,4.44,-       
27.35,-0.67,2.35,3.4,4.41,-       
27.4,-0.68,2.34,3.4,4.41,gaze fixated: p_1_2
27.45,-0.69,2.35,3.4,4.41,-       
27.5,-0.68,2.34,3.4,4.41,-       
27.55,-0.67,2.34,3.4,4.4,-       
27.6,-0.66,2.36,3.4,4.38,-       
27.65,-0.67,2.36,3.4,4.38,-       
27.7,-0.67,2.36,3.4,4.34,-       
27.75,-0.66,2.35,3.4,4.32,-       
27.8,-0.65,2.35,3.4,4.31,-       
27.85,-0.64,2.34,3.4,4.29,-       
27.9,-0.66,2.34,3.4,4.28,-       
27.95,-0.65,2.34,3.4,4.25,-       
28.0,-0.64,2.35,3.4,4.22,-       
28.05,-0.62,2.36,3.4,4.2,-       
28.1,-0.61,2.36,3.4,4.16,-       
28.15,-0.6,2.37,3.4,4.17,-       
28.2,-0.6,2.37,3.4,4.17,-       
28.25,-0.6,2.36,3.4,4.16,-       
28.3,-0.59,2.36,3.4,4.16,-       
28.35,-0.31,2.24,3.4,4.1,-       
28.4,-0.3,2.25,3.4,4.12,gaze started: p_2_2
28.45,-0.29,2.25,3.4,4.13,-       
28.5,-0.29,2.24,3.4,4.16,-       
28.55,-0.31,2.3,3.4,4.2,-       
28.6,0.57,0.77,-0.3,,gaze started: p_1_2
28.65,0.57,0.77,-0.3,,-       
28.7,0.57,0.77,-0.3,,-       
28.75,-0.21,2.17,3.4,4.03,-       
28.8,-0.22,2.21,3.4,3.98,gaze started: p_2_2
28.85,-0.22,2.21,3.4,3.97,-       
28.9,-0.25,2.19,3.4,3.95,-       
28.95,-0.23,2.19,3.4,3.96,-       
29.0,-0.19,2.19,3.4,3.99,-       
29.05,-0.15,2.36,3.4,3.99,gaze fixated: p_2_2
29.1,-0.15,2.37,3.4,4.02,gaze started: p_1_2
29.15,-0.16,2.36,3.4,4.01,-       
29.2,-0.16,2.36,3.4,4.01,-       
29.25,-0.15,2.37,3.4,4.02,-       
29.3,-0.15,2.37,3.4,4.04,-       
29.35,-0.14,2.36,3.4,4.05,-       
29.4,-0.13,2.37,3.4,4.05,gaze fixated: p_1_2
29.45,-0.13,2.36,3.4,4.05,-       
29.5,-0.13,2.36,3.4,4.05,-       
29.55,-0.13,2.36,3.4,4.06,-       
29.6,-0.12,2.36,3.4,4.07,-       
29.65,-0.12,2.36,3.4,4.08,-       
29.7,-0.11,2.36,3.4,4.09,-       
29.75,-0.11,2.35,3.4,4.1,-       
29.8,-0.1,2.41,3.4,4.18,-       
29.85,-0.12,2.42,3.4,4.19,-       
29.9,-0.13,2.41,3.4,4.19,-       
29.95,-0.14,2.41,3.4,4.21,-       
30.0,-0.14,2.41,3.4,4.21,-       
30.05,-0.13,2.41,3.4,4.19,-       
30.1,-0.14,2.41,3.4,4.18,-       
30.15,-0.14,2.42,3.4,4.18,-       
30.2,-0.14,2.42,3.4,4.18,-       
30.25,-0.12,2.42,3.4,4.18,-       
30.3,-0.54,2.21,3.4,4.18,-       
30.35,-0.64,2.14,3.4,4.18,gaze started: p_2_2
30.4,-0.63,2.13,3.4,4.19,-       
30.45,-0.62,2.13,3.4,4.17,-       
30.5,-0.63,2.13,3.4,4.18,-       
30.55,-0.63,2.13,3.4,4.19,-       
30.6,-0.62,2.13,3.4,4.2,gaze fixated: p_2_2
30.65,-0.48,2.16,3.4,4.16,-       
30.7,-0.53,2.14,3.4,4.16,-       
30.75,-0.51,2.14,3.4,4.15,-       
30.8,-0.52,2.23,3.4,4.16,-       
30.85,-0.54,2.21,3.4,4.16,-       
30.9,-0.53,2.18,3.4,4.15,-       
30.95,-0.53,2.19,3.4,4.16,-       
31.0,-0.5,2.19,3.4,4.16,-       
31.05,-0.49,2.18,3.4,4.17,-       
31.1,-0.47,2.17,3.4,4.17,-       
31.15,-0.5,2.19,3.4,4.17,-       
31.2,-0.5,2.19,3.4,4.17,-       
31.25,-0.57,2.26,3.4,4.18,-       
31.3,-0.72,2.42,3.4,4.19,-       
31.35,-0.71,2.41,3.4,4.2,gaze started: p_1_1
31.4,-0.77,2.46,3.4,4.2,-       
31.45,-0.77,2.45,3.4,4.15,-       
31.5,-0.84,2.58,3.4,4.25,-       
31.55,0.59,0.75,-0.29,,-       
31.6,0.59,0.75,-0.29,,-       
31.65,0.59,0.75,-0.29,,-       
31.7,0.59,0.75,-0.29,,-       
31.75,-0.16,2.02,3.4,4.07,gaze started: p_2_2
31.8,-0.16,2.02,3.4,4.07,gaze started: p_2_2
31.85,-0.13,2.04,3.4,4.1,-       
31.9,-0.15,2.06,3.4,4.11,-       
31.95,-0.19,2.05,3.4,4.1,-       
32.0,-0.19,2.04,3.4,4.12,-       
32.05,-0.21,2.06,3.4,4.16,gaze fixated: p_2_2
32.1,-0.18,2.03,3.4,4.18,-       
32.15,-0.35,2.29,3.46,4.17,-       
32.2,-0.33,2.26,3.4,4.15,gaze ended: p_2_2
32.25,-0.35,2.29,3.46,4.15,gaze started: p_2_2
32.3,-0.35,2.29,3.46,4.15,gaze started: p_2_2
32.35,-0.34,2.26,3.4,4.16,-       
32.4,-0.34,2.26,3.4,4.16,gaze started: p_2_2
32.45,-0.36,2.28,3.46,4.16,-       
32.5,-0.34,2.26,3.4,4.16,-       
32.55,-0.36,2.29,3.46,4.16,gaze started: p_2_2
32.6,-0.35,2.29,3.46,4.15,-       
32.65,-0.35,2.26,3.4,4.15,-       
32.7,-0.34,2.25,3.4,4.16,gaze started: p_2_2
32.75,-0.35,2.24,3.4,4.18,-       
32.8,-0.35,2.24,3.4,4.2,-       
32.85,-0.35,2.24,3.4,4.21,-       
32.9,-0.36,2.23,3.4,4.2,-       
32.95,-0.36,2.24,3.4,4.21,gaze fixated: p_2_2
33.0,-0.35,2.24,3.4,4.24,-       
33.05,-0.67,2.22,3.4,4.3,-       
33.1,-0.71,2.24,3.46,4.31,-       
33.15,-0.71,2.25,3.46,4.31,gaze ended: p_2_2
33.2,-0.71,2.25,3.46,4.31,gaze ended: p_2_2
33.25,-0.69,2.23,3.4,4.31,-       
33.3,-0.43,2.31,3.4,4.28,gaze started: p_2_2
33.35,-0.36,2.32,3.4,4.24,gaze started: p_1_2
33.4,-0.36,2.33,3.4,4.25,-       
33.45,-0.35,2.32,3.4,4.24,-       
33.5,-0.35,2.31,3.4,4.23,-       
33.55,-0.31,2.32,3.4,4.2,-       
33.6,-0.31,2.32,3.4,4.21,gaze fixated: p_1_2
33.65,-0.32,2.31,3.4,4.2,-       
33.7,-0.3,2.32,3.4,4.21,-       
33.75,-0.3,2.32,3.4,4.21,-       
33.8,-0.29,2.33,3.4,4.21,-       
33.85,-0.29,2.34,3.4,4.22,-       
33.9,-0.29,2.33,3.4,4.2,-       
33.95,-0.29,2.32,3.4,4.18,-       
34.0,-0.3,2.32,3.4,4.16,-       
34.05,-0.3,2.32,3.4,4.15,-       
34.1,-0.3,2.33,3.4,4.13,-       
34.15,-0.3,2.33,3.4,4.13,-       
34.2,-0.29,2.33,3.4,4.11,-       
34.25,-0.29,2.33,3.4,4.1,-       
34.3,-0.29,2.33,3.4,4.07,-       
34.35,-0.45,2.2,3.4,4.0,-       
34.4,-0.45,2.2,3.4,4.0,-       
34.45,-0.44,2.21,3.4,3.94,gaze started: p_2_2
34.5,-0.43,2.2,3.4,3.86,-       
34.55,-0.43,2.19,3.4,3.77,-       
34.6,-0.43,2.19,3.4,3.7,-       
34.65,-0.43,2.2,3.4,3.68,-       
34.7,-0.44,2.2,3.4,3.66,gaze fixated: p_2_2
34.75,-0.45,2.21,3.4,3.63,-       
34.8,-0.71,2.2,3.4,3.62,-       
34.85,-0.68,2.22,3.4,3.64,gaze started: p_2_1
34.9,-0.68,2.22,3.4,3.66,gaze started: p_2_2
34.95,-0.68,2.22,3.4,3.67,-       
35.0,-0.68,2.22,3.4,3.69,-       
35.05,-0.71,2.24,3.46,3.73,-       
35.1,-0.69,2.22,3.4,3.74,-       
35.15,-0.69,2.22,3.4,3.74,-       
35.2,-0.72,2.23,3.46,3.76,gaze started: p_2_2
35.25,-0.71,2.21,3.4,3.78,-       
35.3,-0.71,2.21,3.4,3.79,gaze started: p_2_1
35.35,-0.71,2.22,3.4,3.81,-       
35.4,-0.14,1.31,3.4,3.79,-       
35.45,-0.05,0.53,3.05,3.68,gaze started: p_4_2
35.5,-0.05,0.53,3.05,3.68,gaze started: p_4_2
35.55,-0.04,0.53,3.23,3.71,-       
35.6,-0.05,0.53,3.29,3.73,-       
35.65,-0.06,0.53,3.29,3.77,-       
35.7,-0.06,0.53,3.29,3.77,-       
35.75,-0.07,0.53,3.32,3.77,-       
35.8,-0.07,0.53,3.32,3.77,-       
35.85,0.58,0.76,-0.3,,-       
35.9,0.58,0.76,-0.3,,-       
35.95,0.58,0.76,-0.3,,-       
36.0,-0.16,1.07,3.4,3.8,-       
36.05,-0.22,1.43,3.4,3.84,-       
36.1,-0.22,1.43,3.4,3.84,-       
36.15,-0.24,1.35,3.4,3.72,gaze started: p_3_2
36.2,-0.26,1.43,3.4,3.84,-       
36.25,-0.3,1.76,3.4,3.89,-       
36.3,-0.37,1.76,3.4,3.9,-       
36.35,-0.34,1.77,3.4,3.89,-       
36.4,-0.36,1.75,3.4,3.9,gaze fixated: p_3_2
36.45,-0.38,1.78,3.4,3.97,-       
36.5,-0.38,1.78,3.4,3.97,-       
36.55,-0.61,2.14,3.4,4.01,-       
36.6,-0.65,2.14,3.4,4.02,gaze started: p_2_2
36.65,-0.61,2.12,3.4,4.07,-       
36.7,-0.62,2.08,3.4,4.04,-       
36.75,-0.63,2.1,3.4,4.04,-       
36.8,-0.65,2.11,3.4,4.04,-       
36.85,-0.67,2.12,3.4,4.05,gaze fixated: p_2_2
36.9,-0.62,2.14,3.4,4.1,-       
36.95,-0.64,2.13,3.4,4.09,-       
37.0,-0.63,2.1,3.4,4.08,-       
37.05,-0.62,2.09,3.4,4.09,-       
37.1,-0.61,2.08,3.4,4.09,-       
37.15,-0.61,2.08,3.4,4.09,-       
37.2,-0.63,2.1,3.4,4.11,-       
37.25,-0.62,2.13,3.4,4.1,-       
37.3,-0.63,2.11,3.4,4.1,-       
37.35,-0.62,2.12,3.4,4.09,-       
37.4,-0.61,2.12,3.4,4.08,-       
37.45,-0.7,2.19,3.4,4.1,-       
37.5,-0.72,2.2,3.46,4.1,gaze started: p_2_1
37.55,-0.71,2.18,3.4,4.09,-       
37.6,-0.7,2.19,3.4,4.09,gaze started: p_2_1
37.65,-0.71,2.22,3.46,4.09,-       
37.7,-0.71,2.19,3.46,4.08,-       
37.75,-0.71,2.19,3.46,4.07,-       
37.8,-0.66,2.2,3.4,4.0,-       
37.85,0.58,0.75,-0.3,,gaze started: p_2_2
37.9,0.58,0.75,-0.3,,-       
37.95,0.58,0.75,-0.3,,-       
38.0,-0.64,2.26,3.4,4.1,-       
38.05,-0.68,2.15,3.4,4.05,gaze started: p_2_2
38.1,-0.63,2.14,3.4,4.04,-       
38.15,-0.65,2.17,3.4,4.04,-       
38.2,-0.65,2.17,3.4,4.04,-       
38.25,-0.63,2.16,3.4,4.07,-       
38.3,-0.65,2.16,3.4,4.06,-       
38.35,-0.39,2.22,3.4,4.07,gaze fixated: p_2_2
38.4,-0.36,2.25,3.4,4.03,-       
38.45,-0.37,2.26,3.4,4.03,-       
38.5,-0.38,2.27,3.4,4.03,-       
38.55,-0.39,2.29,3.46,4.03,gaze started: p_1_2
38.6,-0.38,2.28,3.46,4.02,-       
38.65,-0.38,2.28,3.46,4.01,-       
38.7,-0.38,2.26,3.4,3.98,-       
38.75,-0.39,2.28,3.46,3.98,gaze started: p_2_2
38.8,-0.39,2.28,3.46,3.98,gaze started: p_2_2
38.85,-0.36,2.33,3.4,3.94,gaze started: p_1_2
38.9,-0.36,2.33,3.4,3.94,gaze started: p_1_2
